{"info":{"_postman_id":"4e7f9cac-727a-4441-a9ab-dbcf64df9b9c","name":"XDO","schema":"https://schema.getpostman.com/json/collection/v2.1.0/collection.json"},"item":[{"name":"http://immix.natinst.com/mfg-xdo-rest/1/report?output=pdf","id":"7a08e6f9-7af7-4088-b342-8403c81242ea","protocolProfileBehavior":{"disableBodyPruning":true},"request":{"method":"POST","header":[],"body":{"mode":"formdata","formdata":[{"key":"templatexsl","type":"file","src":"/C:/Projects/xdo/TEMPLATE.xsl"},{"key":"dataxml","type":"file","src":"/C:/Projects/xdo/DATA.XML"}]},"url":{"raw":"http://immix.natinst.com/mfg-xdo-rest/1/report?output=pdf","protocol":"http","host":["immix","natinst","com"],"path":["mfg-xdo-rest","1","report"],"query":[{"key":"output","value":"pdf"}]}},"response":[]}]}