{"info":{"_postman_id":"5fb614d7-9df2-4d8a-a23b-52f9beceb059","name":"Teardown test","schema":"https://schema.getpostman.com/json/collection/v2.1.0/collection.json"},"item":[{"name":"test 1 - Valid lot number LHE1149162","event":[{"listen":"test","script":{"id":"1b628d61-f3a0-42d0-ac48-48107647a3af","exec":["pm.test(\"Status code is 200\", () => {\r","  pm.response.to.have.status(200);\r","});"],"type":"text/javascript"}}],"id":"e0c6fd54-b740-47c2-847f-72ac1f3b3fda","protocolProfileBehavior":{"disableBodyPruning":true},"request":{"method":"PATCH","header":[{"key":"client","value":"TestAutomation","type":"default"},{"key":"client_secret","value":"TestAutomation","type":"default"},{"key":"source","value":"TestAutomation","type":"default"},{"key":"transactionId","value":"LHE1149162DEB","type":"default"}],"body":{"mode":"raw","raw":"{\r\n     \"machineId\": 1,\r\n     \"quantity\": 100\r\n}","options":{"raw":{"language":"json"}}},"url":{"raw":"https://d2-teardown-automation-s-1.grl-us1.uat.k8s.natinst.com/lot-number/LHE1149162/DEB/","protocol":"https","host":["d2-teardown-automation-s-1","grl-us1","uat","k8s","natinst","com"],"path":["lot-number","LHE1149162","DEB",""]}},"response":[]},{"name":"test 2 - Valid lot number LHE1149162  with wrong machine","event":[{"listen":"test","script":{"id":"2138c1cd-8a2d-4fe0-8d65-8068f44ba524","exec":["pm.test(\"Status code is 400\", () => {\r","  pm.response.to.have.status(400);\r","});"],"type":"text/javascript"}}],"id":"f6c34b1f-086e-4296-ad1f-de0a1b92ba60","protocolProfileBehavior":{"disableBodyPruning":true},"request":{"method":"PATCH","header":[{"key":"client","value":"TestAutomation","type":"default"},{"key":"client_secret","value":"TestAutomation","type":"default"},{"key":"source","value":"TestAutomation","type":"default"},{"key":"transactionId","value":"LHE1149162DEB","type":"default"}],"body":{"mode":"raw","raw":"{\r\n     \"machineId\": \"xxx\",\r\n     \"quantity\": 100\r\n}","options":{"raw":{"language":"json"}}},"url":{"raw":"https://d2-teardown-automation-s-1.grl-us1.uat.k8s.natinst.com/lot-number/LHE1149162/DEB/","protocol":"https","host":["d2-teardown-automation-s-1","grl-us1","uat","k8s","natinst","com"],"path":["lot-number","LHE1149162","DEB",""]}},"response":[]}]}